{"mean": 1488.643660318493, "std": 433.32165617591727, "p005": 0.0, "p995": 3136.0}
